{
    "num_mutation": 0,
    "map": "Town05",
    "mission": {
        "start": {
            "x": -43.54949951171875,
            "y": 33.36479568481445,
            "z": 0.5999999642372131,
            "roll": 0.0,
            "pitch": 0.0,
            "yaw": -89.6207275390625
        },
        "dest": {
            "x": 35.23812484741211,
            "y": -52.05337142944336,
            "z": 0.29999998211860657,
            "roll": 0.0,
            "pitch": 0.0,
            "yaw": -88.46794891357422
        }
    },
    "npcs": {
        "vehicles": [],
        "pedestrians": []
    },
    "weather": {
        "cloudiness": 0,
        "precipitation": 0,
        "precipitation_deposits": 0,
        "wind_intensity": 0,
        "fog_density": 0,
        "wetness": 0,
        "dust_storm": 0
    },
    "time": {
        "sun_azimuth_angle": 0,
        "sun_altitude_angle": 60
    },
    "puddles": [],
    "hist_mops": {}
}