{
    "num_mutation": 0,
    "map": "Town05",
    "mission": {
        "start": {
            "x": 16.21141815185547,
            "y": 84.58518981933594,
            "z": 0.29999998211860657,
            "roll": 0.0,
            "pitch": 0.0,
            "yaw": -179.93441772460938
        },
        "dest": {
            "x": -120.00481414794922,
            "y": 136.57192993164062,
            "z": 0.29999998211860657,
            "roll": 0.0,
            "pitch": 0.0,
            "yaw": -90.51138305664062
        }
    },
    "npcs": {
        "vehicles": [],
        "pedestrians": []
    },
    "weather": {
        "cloudiness": 0,
        "precipitation": 0,
        "precipitation_deposits": 0,
        "wind_intensity": 0,
        "fog_density": 0,
        "wetness": 0,
        "dust_storm": 0
    },
    "time": {
        "sun_azimuth_angle": 0,
        "sun_altitude_angle": 60
    },
    "puddles": [],
    "hist_mops": {}
}