{
    "num_mutation": 0,
    "map": "Town03",
    "mission": {
        "start": {
            "x": -11.102113723754883,
            "y": -138.51019287109375,
            "z": 0.27530714869499207,
            "pitch": 0.0,
            "yaw": -178.77268981933594,
            "roll": 0.0
        },
        "dest": {
            "x": 186.51962280273438,
            "y": -5.502128601074219,
            "z": 0.27530714869499207,
            "pitch": 0.0,
            "yaw": -179.1441650390625,
            "roll": 0.0
        }
    },
    "npcs": {
        "vehicles": [],
        "pedestrians": []
    },
    "weather": {
        "cloudiness": 0,
        "precipitation": 0,
        "precipitation_deposits": 0,
        "wind_intensity": 0,
        "fog_density": 0,
        "wetness": 0,
        "dust_storm": 0
    },
    "time": {
        "sun_azimuth_angle": 0,
        "sun_altitude_angle": 60
    },
    "puddles": [],
    "hist_mops": {}
}