{
    "num_mutation": 0,
    "map": "Town03",
    "mission": {
        "start": {
            "x": 2.2945592403411865,
            "y": 176.87823486328125,
            "z": 0.27530714869499207,
            "pitch": 0.0,
            "yaw": -90.36254119873047,
            "roll": 0.0
        },
        "dest": {
            "x": -87.96704864501953,
            "y": 87.14187622070312,
            "z": 0.9440809488296509,
            "pitch": 0.0,
            "yaw": 89.78770446777344,
            "roll": 0.0
        }
    },
    "npcs": {
        "vehicles": [],
        "pedestrians": []
    },
    "weather": {
        "cloudiness": 0,
        "precipitation": 0,
        "precipitation_deposits": 0,
        "wind_intensity": 0,
        "fog_density": 0,
        "wetness": 0,
        "dust_storm": 0
    },
    "time": {
        "sun_azimuth_angle": 0,
        "sun_altitude_angle": 60
    },
    "puddles": [],
    "hist_mops": {}
}