{
    "num_mutation": 0,
    "map": "Town03",
    "mission": {
        "start": {
            "x": 103.99740600585938,
            "y": -191.6208038330078,
            "z": 0.27530714869499207,
            "pitch": 0.0,
            "yaw": 1.4395471811294556,
            "roll": 0.0
        },
        "dest": {
            "x": 157.29991149902344,
            "y": 58.91049575805664,
            "z": 0.27530714869499207,
            "pitch": 0.0,
            "yaw": 179.85255432128906,
            "roll": 0.0
        }
    },
    "npcs": {
        "vehicles": [],
        "pedestrians": []
    },
    "weather": {
        "cloudiness": 0,
        "precipitation": 0,
        "precipitation_deposits": 0,
        "wind_intensity": 0,
        "fog_density": 0,
        "wetness": 0,
        "dust_storm": 0
    },
    "time": {
        "sun_azimuth_angle": 0,
        "sun_altitude_angle": 60
    },
    "puddles": [],
    "hist_mops": {}
}