{
    "num_mutation": 0,
    "map": "Town03",
    "mission": {
        "start": {
            "x": -31.32554054260254,
            "y": 131.2431640625,
            "z": 0.27530714869499207,
            "pitch": 0.0,
            "yaw": 178.70315551757812,
            "roll": 0.0
        },
        "dest": {
            "x": 42.84650421142578,
            "y": -193.13241577148438,
            "z": 0.27530714869499207,
            "pitch": 0.0,
            "yaw": 1.439546823501587,
            "roll": 0.0
        }
    },
    "npcs": {
        "vehicles": [],
        "pedestrians": []
    },
    "weather": {
        "cloudiness": 0,
        "precipitation": 0,
        "precipitation_deposits": 0,
        "wind_intensity": 0,
        "fog_density": 0,
        "wetness": 0,
        "dust_storm": 0
    },
    "time": {
        "sun_azimuth_angle": 0,
        "sun_altitude_angle": 60
    },
    "puddles": [],
    "hist_mops": {}
}