{
    "num_mutation": 0,
    "map": "Town03",
    "mission": {
        "start": {
            "x": -145.53578186035156,
            "y": 52.828338623046875,
            "z": 0.27530714869499207,
            "pitch": 0.0,
            "yaw": -89.97014617919922,
            "roll": 0.0
        },
        "dest": {
            "x": 163.86422729492188,
            "y": -197.39999389648438,
            "z": 0.27530714869499207,
            "pitch": 0.0,
            "yaw": 0.0,
            "roll": 0.0
        }
    },
    "npcs": {
        "vehicles": [],
        "pedestrians": []
    },
    "weather": {
        "cloudiness": 0,
        "precipitation": 0,
        "precipitation_deposits": 0,
        "wind_intensity": 0,
        "fog_density": 0,
        "wetness": 0,
        "dust_storm": 0
    },
    "time": {
        "sun_azimuth_angle": 0,
        "sun_altitude_angle": 60
    },
    "puddles": [],
    "hist_mops": {}
}