{
    "num_mutation": 0,
    "map": "Town03",
    "mission": {
        "start": {
            "x": -74.38717651367188,
            "y": -18.55011749267578,
            "z": 0.27530714869499207,
            "roll": -1.3340459403821114e-08,
            "pitch": -0.34827134013175964,
            "yaw": -90.15623474121094
        },
        "dest": {
            "x": 209.99334716796875,
            "y": 9.808370590209961,
            "z": 0.27530714869499207,
            "roll": 0.0,
            "pitch": 0.0,
            "yaw": 0.855804443359375
        }
    },
    "npcs": {
        "vehicles": [],
        "pedestrians": []
    },
    "weather": {
        "cloudiness": 0,
        "precipitation": 0,
        "precipitation_deposits": 0,
        "wind_intensity": 0,
        "fog_density": 0,
        "wetness": 0,
        "dust_storm": 0
    },
    "time": {
        "sun_azimuth_angle": 0,
        "sun_altitude_angle": 60
    },
    "puddles": [],
    "hist_mops": {}
}