{
    "num_mutation": 0,
    "map": "Town03",
    "mission": {
        "start": {
            "x": -74.38717651367188,
            "y": 41.99738311767578,
            "z": 0.9488781690597534,
            "pitch": -0.34827134013175964,
            "yaw": -90.15623474121094,
            "roll": -1.3340459403821114e-08
        },
        "dest": {
            "x": 65.51659393310547,
            "y": 7.808422565460205,
            "z": 0.27530714869499207,
            "pitch": 0.0,
            "yaw": 0.8558230400085449,
            "roll": 0.0
        }
    },
    "npcs": {
        "vehicles": [],
        "pedestrians": []
    },
    "weather": {
        "cloudiness": 0,
        "precipitation": 0,
        "precipitation_deposits": 0,
        "wind_intensity": 0,
        "fog_density": 0,
        "wetness": 0,
        "dust_storm": 0
    },
    "time": {
        "sun_azimuth_angle": 0,
        "sun_altitude_angle": 60
    },
    "puddles": [],
    "hist_mops": {}
}