{
    "num_mutation": 0,
    "map": "Town03",
    "mission": {
        "start": {
            "x": -55.04970169067383,
            "y": 0.5458329319953918,
            "z": 0.27530714869499207,
            "pitch": 0.0,
            "yaw": 1.6669410467147827,
            "roll": 0.0
        },
        "dest": {
            "x": -145.50387573242188,
            "y": -8.40972900390625,
            "z": 0.40487220883369446,
            "pitch": 0.0,
            "yaw": -89.97014617919922,
            "roll": 0.0
        }
    },
    "npcs": {
        "vehicles": [],
        "pedestrians": []
    },
    "weather": {
        "cloudiness": 0,
        "precipitation": 0,
        "precipitation_deposits": 0,
        "wind_intensity": 0,
        "fog_density": 0,
        "wetness": 0,
        "dust_storm": 0
    },
    "time": {
        "sun_azimuth_angle": 0,
        "sun_altitude_angle": 60
    },
    "puddles": [],
    "hist_mops": {}
}