{
    "num_mutation": 0,
    "map": "Town04",
    "mission": {
        "start": {
            "x": 314.5877380371094,
            "y": -180.29779052734375,
            "z": 0.3999999761581421,
            "pitch": 0.0,
            "yaw": -89.48907470703125,
            "roll": 0.0
        },
        "dest": {
            "x": 321.7052917480469,
            "y": -168.82542419433594,
            "z": 0.5999999642372131,
            "pitch": 0.0,
            "yaw": 0.32612475752830505,
            "roll": 0.0
        }
    },
    "npcs": {
        "vehicles": [],
        "pedestrians": []
    },
    "weather": {
        "cloudiness": 0,
        "precipitation": 0,
        "precipitation_deposits": 0,
        "wind_intensity": 0,
        "fog_density": 0,
        "wetness": 0,
        "dust_storm": 0
    },
    "time": {
        "sun_azimuth_angle": 0,
        "sun_altitude_angle": 60
    },
    "puddles": [],
    "hist_mops": {},
    "wps_itr": {}
}