{
    "num_mutation": 0,
    "map": "Town04",
    "mission": {
        "start": {
            "x": 404.0691223144531,
            "y": -15.970556259155273,
            "z": 0.2819424271583557,
            "pitch": 0.0,
            "yaw": -79.3049087524414,
            "roll": 0.0
        },
        "dest": {
            "x": 245.9648895263672,
            "y": -388.7491455078125,
            "z": 0.2819424271583557,
            "pitch": 0.0,
            "yaw": 179.70465087890625,
            "roll": 0.0
        }
    },
    "npcs": {
        "vehicles": [],
        "pedestrians": []
    },
    "weather": {
        "cloudiness": 0,
        "precipitation": 0,
        "precipitation_deposits": 0,
        "wind_intensity": 0,
        "fog_density": 0,
        "wetness": 0,
        "dust_storm": 0
    },
    "time": {
        "sun_azimuth_angle": 0,
        "sun_altitude_angle": 60
    },
    "puddles": [],
    "hist_mops": {},
    "wps_itr": {}
}