{
    "num_mutation": 0,
    "map": "Town04",
    "mission": {
        "start": {
            "x": 10.030569076538086,
            "y": 313.4988708496094,
            "z": 0.2819424271583557,
            "pitch": 0.0,
            "yaw": -45.1947135925293,
            "roll": 0.0
        },
        "dest": {
            "x": 105.29106140136719,
            "y": -170.0607452392578,
            "z": 0.5999999642372131,
            "pitch": 0.0,
            "yaw": 0.3331909775733948,
            "roll": 0.0
        }
    },
    "npcs": {
        "vehicles": [],
        "pedestrians": []
    },
    "weather": {
        "cloudiness": 0,
        "precipitation": 0,
        "precipitation_deposits": 0,
        "wind_intensity": 0,
        "fog_density": 0,
        "wetness": 0,
        "dust_storm": 0
    },
    "time": {
        "sun_azimuth_angle": 0,
        "sun_altitude_angle": 60
    },
    "puddles": [],
    "hist_mops": {},
    "wps_itr": {}
}