{
    "num_mutation": 0,
    "map": "Town04",
    "mission": {
        "start": {
            "x": 30.390676498413086,
            "y": -285.92193603515625,
            "z": 0.2819424271583557,
            "pitch": 0.0,
            "yaw": -63.64533996582031,
            "roll": 0.0
        },
        "dest": {
            "x": 356.21246337890625,
            "y": -168.62899780273438,
            "z": 0.5999999642372131,
            "pitch": 0.0,
            "yaw": 0.32612475752830505,
            "roll": 0.0
        }
    },
    "npcs": {
        "vehicles": [],
        "pedestrians": []
    },
    "weather": {
        "cloudiness": 0,
        "precipitation": 0,
        "precipitation_deposits": 0,
        "wind_intensity": 0,
        "fog_density": 0,
        "wetness": 0,
        "dust_storm": 0
    },
    "time": {
        "sun_azimuth_angle": 0,
        "sun_altitude_angle": 60
    },
    "puddles": [],
    "hist_mops": {},
    "wps_itr": {}
}