{
    "num_mutation": 0,
    "map": "Town04",
    "mission": {
        "start": {
            "x": 381.48175048828125,
            "y": -134.7979736328125,
            "z": 0.2819424271583557,
            "pitch": 0.0,
            "yaw": 90.43304443359375,
            "roll": 0.0
        },
        "dest": {
            "x": 263.3051452636719,
            "y": -307.3447570800781,
            "z": 0.2819424271583557,
            "pitch": 0.0,
            "yaw": 0.5897840261459351,
            "roll": 0.0
        }
    },
    "npcs": {
        "vehicles": [],
        "pedestrians": []
    },
    "weather": {
        "cloudiness": 0,
        "precipitation": 0,
        "precipitation_deposits": 0,
        "wind_intensity": 0,
        "fog_density": 0,
        "wetness": 0,
        "dust_storm": 0
    },
    "time": {
        "sun_azimuth_angle": 0,
        "sun_altitude_angle": 60
    },
    "puddles": [],
    "hist_mops": {},
    "wps_itr": {}
}