{
    "num_mutation": 0,
    "map": "Town04",
    "mission": {
        "start": {
            "x": 254.899169921875,
            "y": -160.67750549316406,
            "z": 0.3999999761581421,
            "pitch": 0.0,
            "yaw": 90.17677307128906,
            "roll": 0.0
        },
        "dest": {
            "x": 310.4871826171875,
            "y": -112.97294616699219,
            "z": 0.48194244503974915,
            "pitch": 0.0,
            "yaw": 90.51093292236328,
            "roll": 0.0
        }
    },
    "npcs": {
        "vehicles": [],
        "pedestrians": []
    },
    "weather": {
        "cloudiness": 0,
        "precipitation": 0,
        "precipitation_deposits": 0,
        "wind_intensity": 0,
        "fog_density": 0,
        "wetness": 0,
        "dust_storm": 0
    },
    "time": {
        "sun_azimuth_angle": 0,
        "sun_altitude_angle": 60
    },
    "puddles": [],
    "hist_mops": {},
    "wps_itr": {}
}