{
    "num_mutation": 0,
    "map": "Town04",
    "mission": {
        "start": {
            "x": 104.93702697753906,
            "y": -173.55929565429688,
            "z": 0.5999999642372131,
            "pitch": 0.0,
            "yaw": -179.6738739013672,
            "roll": 0.0
        },
        "dest": {
            "x": 258.4601745605469,
            "y": -180.45677185058594,
            "z": 0.3999999761581421,
            "pitch": 0.0,
            "yaw": -89.8232421875,
            "roll": 0.0
        }
    },
    "npcs": {
        "vehicles": [],
        "pedestrians": []
    },
    "weather": {
        "cloudiness": 0,
        "precipitation": 0,
        "precipitation_deposits": 0,
        "wind_intensity": 0,
        "fog_density": 0,
        "wetness": 0,
        "dust_storm": 0
    },
    "time": {
        "sun_azimuth_angle": 0,
        "sun_altitude_angle": 60
    },
    "puddles": [],
    "hist_mops": {},
    "wps_itr": {}
}