{
    "num_mutation": 0,
    "map": "Town01",
    "mission": {
        "start": {
            "x": 119.93997955322266,
            "y": 326.9700012207031,
            "z": 0.29999998211860657,
            "roll": 0.0,
            "pitch": 0.0,
            "yaw": 179.999755859375
        },
        "dest": {
            "x": 13.568642616271973,
            "y": 2.461965322494507,
            "z": 0.29999998211860657,
            "roll": 0.0,
            "pitch": 0.0,
            "yaw": 0.0
        }
    },
    "npcs": {
        "vehicles": [],
        "pedestrians": []
    },
    "weather": {
        "cloudiness": 0,
        "precipitation": 0,
        "precipitation_deposits": 0,
        "wind_intensity": 0,
        "fog_density": 0,
        "wetness": 0,
        "dust_storm": 0
    },
    "time": {
        "sun_azimuth_angle": 0,
        "sun_altitude_angle": 60
    },
    "puddles": [],
    "hist_mops": {},
    "wps_itr": {}
}