{
    "map": "Town01",
    "mission": {
        "start": {
            "x": 370.1506652832031,
            "y": -1.9599329233169556,
            "z": 0.29999998211860657,
            "roll": 0.0,
            "pitch": 0.0,
            "yaw": 179.9996337890625
        },
        "dest": {
            "x": 283.02197265625,
            "y": 199.05972290039062,
            "z": 0.29999998211860657,
            "roll": 0.0,
            "pitch": 0.0,
            "yaw": -9.1552734375e-05
        }
    },
    "npcs": {
        "vehicles": [],
        "pedestrians": []
    },
    "weather": {
        "cloudiness": 0,
        "precipitation": 0,
        "precipitation_deposits": 0,
        "wind_intensity": 0,
        "fog_density": 0,
        "wetness": 0,
        "dust_storm": 0
    },
    "time": {
        "sun_azimuth_angle": 0,
        "sun_altitude_angle": 60
    },
    "puddles": [],
    "hist_mops": {}
}